Наука и техника,Экономика,Мир,Россия,Бывший СССР,Культура,Интернет и СМИ,Спорт,Дом,Из жизни
время,цена,полиция,убийство,абхазия,миллион,свой,игра,миллион,это
мочь,рынок,погибать,москва,республика,группа,ресурс,чемпион,компания,обнаруживать
первый,россия,происходить,рф,россия,роль,сеть,тренер,комплекс,свой
ученый,акция,агентство,задерживать,президент,премия,который,турнир,год,ребенок
система,банк,страна,уголовный,российский,альбом,компания,счет,тысяча,стерлинг
который,миллиард,сша,сообщать,южный,режиссер,процент,чемпионат,площадь,человек
новый,год,сообщать,который,украина,который,пользователь,клуб,строительство,тысяча
компания,доллар,год,год,осетия,картина,интернет,сборная,метр,который
год,компания,который,суд,грузинский,фильм,год,команда,проект,фунт
игра,процент,человек,дело,грузия,год,сайт,матч,квадратный,год
